id,company_id,company_name,product_name,platform,source_type,author,author_id,followers,content,title,publish_time,url,likes,comments,shares,tags
mhy_20260815_001,mihoyo,米哈游,原神,B站,social_media,提瓦特探险家,user_198246,97530,原神4.9版本长草期太长了，一个月没新内容，每天上线5分钟下线,原神4.9版本长草期太长了，一个月没新内容，每天上线5分钟下...,2026-08-28 17:00:00,https://bilibili.com/user_198246/688508,1084,328,23,"#原神#,#Genshin#"
mhy_20260829_002,mihoyo,米哈游,绝区零,知乎,forum,ZZZ玩家,user_543143,19409,绝区零4.8优化太差了，PC端帧率掉得厉害，3060都带不动,绝区零4.8优化太差了，PC端帧率掉得厉害，3060都带不动,2026-08-24 16:00:00,https://zhihu.com/user_543143/207175,368,130,182,#米哈游#
mhy_20260902_003,mihoyo,米哈游,原神,小红书,social_media,蒙德城骑士,user_407419,1623,原神更新完又卡了，手机发烫到不行，优化越来越差,原神更新完又卡了，手机发烫到不行，优化越来越差,2026-08-08 04:00:00,https://xiaohongshu.com/user_407419/705397,1316,473,195,"#原神#,#米哈游#"
mhy_20260829_004,mihoyo,米哈游,绝区零,微博,social_media,新艾利都代理人,user_766563,5729,绝区零公测第一天就炸服？米哈游的技术实力就这？补偿只有100钻也太抠了,绝区零公测第一天就炸服？米哈游的技术实力就这？补偿只有100...,2026-08-08 13:00:00,https://weibo.com/user_766563/319684,383,209,191,"#ZZZ#,#米哈游#"
mhy_20260814_005,mihoyo,米哈游,原神,TapTap,forum,纳塔战士,user_497887,2853,原神2.5地图探索内容还可以，就是日常太肝了,原神2.5地图探索内容还可以，就是日常太肝了,2026-08-26 04:00:00,https://taptap.com/user_497887/817870,362,76,16,#Genshin#
mhy_20260825_006,mihoyo,米哈游,未定事件簿,B站,social_media,乙女游戏爱好者,user_694731,42347,未定2.6剧情太水了，感觉在拖时间，主线推进慢,未定2.6剧情太水了，感觉在拖时间，主线推进慢,2026-08-06 02:00:00,https://bilibili.com/user_694731/514850,694,128,265,#未定事件簿#
mhy_20260807_007,mihoyo,米哈游,未定事件簿,小红书,social_media,未定玩家,user_479580,18594,未定运营越来越敷衍了，活动奖励少，福利差,未定运营越来越敷衍了，活动奖励少，福利差,2026-08-27 20:00:00,https://xiaohongshu.com/user_479580/892495,1093,272,56,"#米哈游#,#乙游#"
mhy_20260903_008,mihoyo,米哈游,未定事件簿,微博,social_media,乙游达人,user_654816,39586,未定事件簿新卡池概率太低了，80抽没出SSR，官方连个说法都没有,未定事件簿新卡池概率太低了，80抽没出SSR，官方连个说法都...,2026-08-26 07:00:00,https://weibo.com/user_654816/814825,1812,25,68,"#米哈游#,#乙游#"
mhy_20260807_009,mihoyo,米哈游,崩坏：星穹铁道,微博,social_media,崩铁老玩家,user_624902,19734,崩铁音乐一直在线，但游戏玩法需要创新,崩铁音乐一直在线，但游戏玩法需要创新,2026-08-10 19:00:00,https://weibo.com/user_624902/412942,269,18,42,"#崩铁#,#星穹铁道#"
mhy_20260809_010,mihoyo,米哈游,崩坏：星穹铁道,知乎,forum,星核猎人,user_217301,17774,崩铁日常太无聊了，就是刷材料，玩法单一,崩铁日常太无聊了，就是刷材料，玩法单一,2026-08-05 13:00:00,https://zhihu.com/user_217301/351083,1849,445,167,"#星穹铁道#,#崩铁#"
mhy_20260903_011,mihoyo,米哈游,原神,知乎,forum,须弥学者,user_676510,26839,原神5.0版本长草期太长了，一个月没新内容，每天上线5分钟下线,原神5.0版本长草期太长了，一个月没新内容，每天上线5分钟下...,2026-08-29 16:00:00,https://zhihu.com/user_676510/322086,1130,466,226,#Genshin#
mhy_20260806_012,mihoyo,米哈游,崩坏：星穹铁道,知乎,forum,铁道党,user_226882,13174,崩铁1.3活动设计不行，奖励少，机制复杂,崩铁1.3活动设计不行，奖励少，机制复杂,2026-08-27 17:00:00,https://zhihu.com/user_226882/716886,181,193,20,"#米哈游#,#星穹铁道#"
mhy_20260818_013,mihoyo,米哈游,原神,微博,social_media,原神强度党,user_349565,15503,原神4.8版本长草期太长了，一个月没新内容，每天上线5分钟下线,原神4.8版本长草期太长了，一个月没新内容，每天上线5分钟下...,2026-08-26 03:00:00,https://weibo.com/user_349565/238739,1044,129,286,"#原神#,#米哈游#"
mhy_20260812_014,mihoyo,米哈游,公司,知乎,forum,游戏产业观察,user_790993,15598,米哈游估值又涨了，准备IPO吗？,米哈游估值又涨了，准备IPO吗？,2026-08-21 13:00:00,https://zhihu.com/user_790993/864491,226,57,31,#米哈游#
mhy_20260903_015,mihoyo,米哈游,崩坏：星穹铁道,TapTap,forum,星穹列车长,user_662336,5609,崩铁2.5版本长草期太长了，每天上线10分钟就没事干，内容产能跟不上了,崩铁2.5版本长草期太长了，每天上线10分钟就没事干，内容产...,2026-08-20 20:00:00,https://taptap.com/user_662336/585100,914,113,152,#崩铁#
mhy_20260828_016,mihoyo,米哈游,未定事件簿,微博,social_media,莫弈粉丝,user_274389,6916,未定事件簿新剧情太甜了，左然yyds！,未定事件簿新剧情太甜了，左然yyds！,2026-08-21 09:00:00,https://weibo.com/user_274389/520521,4043,248,462,#未定事件簿#
mhy_20260807_017,mihoyo,米哈游,原神,小红书,social_media,蒙德城骑士,user_411120,15109,原神1.4剧情封神了，米哈游编剧终于在线了,原神1.4剧情封神了，米哈游编剧终于在线了,2026-08-28 23:00:00,https://xiaohongshu.com/user_411120/163918,4844,783,297,"#原神吐槽#,#原神#"
mhy_20260812_018,mihoyo,米哈游,原神,微博,social_media,枫丹审判者,user_723939,10817,原神4.9版本还行吧，内容量一般，不算惊喜也不失望,原神4.9版本还行吧，内容量一般，不算惊喜也不失望,2026-09-01 03:00:00,https://weibo.com/user_723939/225710,451,35,27,#原神#
mhy_20260805_019,mihoyo,米哈游,未定事件簿,微博,social_media,莫弈粉丝,user_350280,5872,未定1.3新卡面好看，但玩法没新意,未定1.3新卡面好看，但玩法没新意,2026-08-26 12:00:00,https://weibo.com/user_350280/414569,77,90,43,"#未定事件簿#,#乙游#"
mhy_20260821_020,mihoyo,米哈游,原神,B站,social_media,须弥学者,user_630458,82416,原神策划该换人了，玩家意见从来不听，迟早要凉,原神策划该换人了，玩家意见从来不听，迟早要凉,2026-08-26 20:00:00,https://bilibili.com/user_630458/356150,1961,198,45,#原神吐槽#
mhy_20260824_021,mihoyo,米哈游,原神,小红书,social_media,蒙德城骑士,user_377312,17532,原神2.6版本还行吧，内容量一般，不算惊喜也不失望,原神2.6版本还行吧，内容量一般，不算惊喜也不失望,2026-08-31 21:00:00,https://xiaohongshu.com/user_377312/385577,390,75,11,#原神吐槽#
mhy_20260826_022,mihoyo,米哈游,崩坏：星穹铁道,知乎,forum,铁道党,user_765095,16661,崩铁2.6新角色强度超标，旧角色直接下水道，平衡性堪忧,崩铁2.6新角色强度超标，旧角色直接下水道，平衡性堪忧,2026-08-21 16:00:00,https://zhihu.com/user_765095/908577,140,21,180,#崩铁#
mhy_20260831_023,mihoyo,米哈游,崩坏：星穹铁道,微博,social_media,星穹列车长,user_256294,37259,崩铁4.9版本还行，剧情一般般，角色设计可以,崩铁4.9版本还行，剧情一般般，角色设计可以,2026-08-17 23:00:00,https://weibo.com/user_256294/679364,437,52,39,#米哈游#
mhy_20260831_024,mihoyo,米哈游,崩坏：星穹铁道,微博,social_media,星铁开拓者,user_918011,23949,崩铁剧情越来越敷衍了，角色人设崩坏，感觉团队重心都在新项目上了,崩铁剧情越来越敷衍了，角色人设崩坏，感觉团队重心都在新项目上...,2026-08-17 11:00:00,https://weibo.com/user_918011/348237,1321,403,89,#星穹铁道#
mhy_20260808_025,mihoyo,米哈游,原神,B站,social_media,稻妻武士,user_266931,4248,原神抽卡概率绝对是假的，连着吃满大保底，这游戏真敢,原神抽卡概率绝对是假的，连着吃满大保底，这游戏真敢,2026-08-09 02:00:00,https://bilibili.com/user_266931/593554,271,215,29,"#原神吐槽#,#Genshin#"
mhy_20260828_026,mihoyo,米哈游,原神,B站,social_media,原神老玩家,user_172792,30219,原神2.5角色强度越来越离谱了，旧角色直接退环境，抽卡体验也越来越差，保底吃满,原神2.5角色强度越来越离谱了，旧角色直接退环境，抽卡体验也...,2026-08-04 16:00:00,https://bilibili.com/user_172792/519093,769,348,270,"#米哈游#,#原神吐槽#"
mhy_20260814_027,mihoyo,米哈游,公司,小红书,social_media,财经观察,user_725550,8759,大伟哥又在发布会上画大饼了，但米哈游确实有实力,大伟哥又在发布会上画大饼了，但米哈游确实有实力,2026-08-21 13:00:00,https://xiaohongshu.com/user_725550/636265,2669,476,330,#米哈游#
mhy_20260901_028,mihoyo,米哈游,原神,知乎,forum,稻妻武士,user_796503,155,原神身边玩的人越来越少了，竞品更好玩，准备退坑了,原神身边玩的人越来越少了，竞品更好玩，准备退坑了,2026-08-05 14:00:00,https://zhihu.com/user_796503/854717,1326,180,73,"#Genshin#,#原神#"
mhy_20260807_029,mihoyo,米哈游,原神,微博,social_media,稻妻武士,user_797229,46192,原神新角色立绘越画越崩，和宣传图差距太大了，配音也出戏,原神新角色立绘越画越崩，和宣传图差距太大了，配音也出戏,2026-08-04 12:00:00,https://weibo.com/user_797229/745414,1437,403,99,#Genshin#
mhy_20260817_030,mihoyo,米哈游,原神,小红书,social_media,蒙德城骑士,user_808446,7087,原神1.3剧情写得像流水账，毫无魅力，角色人设崩坏,原神1.3剧情写得像流水账，毫无魅力，角色人设崩坏,2026-08-28 08:00:00,https://xiaohongshu.com/user_808446/790855,1019,426,96,"#Genshin#,#原神吐槽#"
mhy_20260902_031,mihoyo,米哈游,原神,知乎,forum,旅行者日记,user_254511,26918,原神依然是好游戏，但有些问题确实需要改进,原神依然是好游戏，但有些问题确实需要改进,2026-09-03 23:00:00,https://zhihu.com/user_254511/991014,135,65,41,#原神吐槽#
mhy_20260811_032,mihoyo,米哈游,原神,小红书,social_media,原神老玩家,user_787926,12782,玩原神三年了，感觉游戏在走下坡路但还能接受,玩原神三年了，感觉游戏在走下坡路但还能接受,2026-08-13 00:00:00,https://xiaohongshu.com/user_787926/329471,467,18,29,#原神吐槽#
mhy_20260830_033,mihoyo,米哈游,绝区零,知乎,forum,绝区零爱好者,user_800005,8265,绝区零美术风格不错，但玩法还需要打磨,绝区零美术风格不错，但玩法还需要打磨,2026-08-18 07:00:00,https://zhihu.com/user_800005/564071,314,45,50,#ZZZ#
mhy_20260816_034,mihoyo,米哈游,绝区零,B站,social_media,绝区零爱好者,user_980660,59446,绝区零公测第一天就炸服？米哈游的技术实力就这？补偿只有100钻也太抠了,绝区零公测第一天就炸服？米哈游的技术实力就这？补偿只有100...,2026-08-14 16:00:00,https://bilibili.com/user_980660/608136,1618,418,276,"#ZZZ#,#绝区零#"
mhy_20260815_035,mihoyo,米哈游,原神,小红书,social_media,原神老玩家,user_258157,9103,原神1.3新角色设计中规中矩，强度适中，值得抽,原神1.3新角色设计中规中矩，强度适中，值得抽,2026-08-27 12:00:00,https://xiaohongshu.com/user_258157/324345,365,24,47,#原神吐槽#
mhy_20260902_036,mihoyo,米哈游,崩坏：星穹铁道,微博,social_media,星铁开拓者,user_498858,14055,崩铁音乐一直在线，但游戏玩法需要创新,崩铁音乐一直在线，但游戏玩法需要创新,2026-08-20 00:00:00,https://weibo.com/user_498858/890075,492,50,21,#米哈游#
mhy_20260823_037,mihoyo,米哈游,未定事件簿,TapTap,forum,莫弈粉丝,user_557007,9933,未定事件簿新卡池概率太低了，80抽没出SSR，官方连个说法都没有,未定事件簿新卡池概率太低了，80抽没出SSR，官方连个说法都...,2026-08-20 00:00:00,https://taptap.com/user_557007/859359,846,192,217,#乙游#
mhy_20260830_038,mihoyo,米哈游,未定事件簿,B站,social_media,莫弈粉丝,user_549433,4534,未定4.8卡面绝美，乙女游戏天花板,未定4.8卡面绝美，乙女游戏天花板,2026-08-30 10:00:00,https://bilibili.com/user_549433/497519,1588,81,153,#米哈游#
mhy_20260825_039,mihoyo,米哈游,原神,微博,social_media,稻妻武士,user_120324,18735,玩原神三年了，感觉游戏在走下坡路但还能接受,玩原神三年了，感觉游戏在走下坡路但还能接受,2026-08-11 07:00:00,https://weibo.com/user_120324/781725,36,49,16,#Genshin#
mhy_20260902_040,mihoyo,米哈游,绝区零,知乎,forum,游戏玩家大白,user_596564,6632,绝区零美术风格不错，但玩法还需要打磨,绝区零美术风格不错，但玩法还需要打磨,2026-08-13 21:00:00,https://zhihu.com/user_596564/833442,298,32,31,#绝区零#
mhy_20260827_041,mihoyo,米哈游,绝区零,微博,social_media,绳匠日记,user_427110,47578,绝区零美术风格不错，但玩法还需要打磨,绝区零美术风格不错，但玩法还需要打磨,2026-08-16 03:00:00,https://weibo.com/user_427110/849747,474,53,27,"#绝区零#,#米哈游#"
mhy_20260829_042,mihoyo,米哈游,原神,知乎,forum,旅行者日记,user_658623,22945,原神4.9新角色设计中规中矩，强度适中，值得抽,原神4.9新角色设计中规中矩，强度适中，值得抽,2026-08-21 03:00:00,https://zhihu.com/user_658623/778998,199,13,34,#米哈游#
mhy_20260825_043,mihoyo,米哈游,原神,小红书,social_media,稻妻武士,user_647091,12068,玩原神三年了，感觉游戏在走下坡路但还能接受,玩原神三年了，感觉游戏在走下坡路但还能接受,2026-08-04 04:00:00,https://xiaohongshu.com/user_647091/912270,148,83,36,"#原神吐槽#,#米哈游#"
mhy_20260820_044,mihoyo,米哈游,崩坏：星穹铁道,B站,social_media,崩铁数据帝,user_697530,33177,崩铁2.6版本还行，剧情一般般，角色设计可以,崩铁2.6版本还行，剧情一般般，角色设计可以,2026-08-15 03:00:00,https://bilibili.com/user_697530/618317,204,48,3,"#崩铁#,#星穹铁道#"
mhy_20260808_045,mihoyo,米哈游,原神,小红书,social_media,蒙德城骑士,user_189771,11352,原神新角色立绘越画越崩，和宣传图差距太大了，配音也出戏,原神新角色立绘越画越崩，和宣传图差距太大了，配音也出戏,2026-08-27 01:00:00,https://xiaohongshu.com/user_189771/894993,882,270,294,#原神吐槽#
mhy_20260828_046,mihoyo,米哈游,绝区零,知乎,forum,游戏测评师,user_421080,3149,绝区零算是米哈游的尝试，有亮点也有不足,绝区零算是米哈游的尝试，有亮点也有不足,2026-08-13 06:00:00,https://zhihu.com/user_421080/656711,198,65,37,"#米哈游#,#绝区零#"
mhy_20260824_047,mihoyo,米哈游,崩坏：星穹铁道,B站,social_media,模拟宇宙达人,user_856321,36509,崩铁抽卡体验太差，大保底才出，概率感人,崩铁抽卡体验太差，大保底才出，概率感人,2026-08-28 14:00:00,https://bilibili.com/user_856321/899213,294,400,284,#崩铁#
mhy_20260813_048,mihoyo,米哈游,原神,微博,social_media,纳塔战士,user_410636,34882,原神2.6地图探索内容还可以，就是日常太肝了,原神2.6地图探索内容还可以，就是日常太肝了,2026-08-27 13:00:00,https://weibo.com/user_410636/842411,101,43,2,#原神吐槽#
mhy_20260818_049,mihoyo,米哈游,原神,微博,social_media,蒙德城骑士,user_701949,46205,原神抽卡概率绝对是假的，连着吃满大保底，这游戏真敢,原神抽卡概率绝对是假的，连着吃满大保底，这游戏真敢,2026-08-25 09:00:00,https://weibo.com/user_701949/293319,1030,245,184,#原神#
mhy_20260805_050,mihoyo,米哈游,原神,TapTap,forum,旅行者日记,user_256445,6615,玩原神三年了，感觉游戏在走下坡路但还能接受,玩原神三年了，感觉游戏在走下坡路但还能接受,2026-08-09 06:00:00,https://taptap.com/user_256445/360247,495,43,7,#原神吐槽#
mhy_20260901_051,mihoyo,米哈游,崩坏：星穹铁道,小红书,social_media,银河铁路员,user_420214,17323,崩铁音乐一直在线，但游戏玩法需要创新,崩铁音乐一直在线，但游戏玩法需要创新,2026-08-16 05:00:00,https://xiaohongshu.com/user_420214/204053,40,83,49,"#星穹铁道#,#米哈游#"
mhy_20260805_052,mihoyo,米哈游,绝区零,知乎,forum,游戏测评师,user_102805,5246,绝区零公测第一天就炸服？米哈游的技术实力就这？补偿只有100钻也太抠了,绝区零公测第一天就炸服？米哈游的技术实力就这？补偿只有100...,2026-08-21 10:00:00,https://zhihu.com/user_102805/405407,1461,324,250,#绝区零#
mhy_20260903_053,mihoyo,米哈游,原神,知乎,forum,须弥学者,user_220351,2432,原神依然是好游戏，但有些问题确实需要改进,原神依然是好游戏，但有些问题确实需要改进,2026-08-17 17:00:00,https://zhihu.com/user_220351/966785,341,24,19,#Genshin#
mhy_20260831_054,mihoyo,米哈游,原神,微博,social_media,纳塔战士,user_522060,19414,原神更新完又卡了，手机发烫到不行，优化越来越差,原神更新完又卡了，手机发烫到不行，优化越来越差,2026-08-04 16:00:00,https://weibo.com/user_522060/559023,1074,296,262,"#米哈游#,#Genshin#"
mhy_20260902_055,mihoyo,米哈游,崩坏：星穹铁道,B站,social_media,铁道党,user_961322,4390,崩铁2.5版本还行，剧情一般般，角色设计可以,崩铁2.5版本还行，剧情一般般，角色设计可以,2026-08-26 06:00:00,https://bilibili.com/user_961322/644173,30,27,32,#米哈游#
mhy_20260815_056,mihoyo,米哈游,崩坏：星穹铁道,微博,social_media,星穹列车长,user_449499,42101,星穹铁道越做越好了，战斗系统越来越成熟,星穹铁道越做越好了，战斗系统越来越成熟,2026-08-24 03:00:00,https://weibo.com/user_449499/531641,956,194,188,"#星穹铁道#,#米哈游#"
mhy_20260813_057,mihoyo,米哈游,崩坏：星穹铁道,知乎,forum,星铁开拓者,user_910075,15003,崩铁1.3版本长草期太长了，每天上线10分钟就没事干，内容产能跟不上了,崩铁1.3版本长草期太长了，每天上线10分钟就没事干，内容产...,2026-08-22 08:00:00,https://zhihu.com/user_910075/584417,1739,20,287,"#星穹铁道#,#崩铁#"
mhy_20260822_058,mihoyo,米哈游,原神,小红书,social_media,须弥学者,user_559398,14684,原神2.5版本还行吧，内容量一般，不算惊喜也不失望,原神2.5版本还行吧，内容量一般，不算惊喜也不失望,2026-08-06 02:00:00,https://xiaohongshu.com/user_559398/760626,258,20,3,"#原神吐槽#,#Genshin#"
mhy_20260816_059,mihoyo,米哈游,绝区零,知乎,forum,游戏测评师,user_583863,18196,绝区零角色设计没特色，和原神崩铁差距明显,绝区零角色设计没特色，和原神崩铁差距明显,2026-08-04 21:00:00,https://zhihu.com/user_583863/622584,1376,446,88,#绝区零#
mhy_20260806_060,mihoyo,米哈游,绝区零,小红书,social_media,ZZZ玩家,user_299869,15673,绝区零公测第一天就炸服？米哈游的技术实力就这？补偿只有100钻也太抠了,绝区零公测第一天就炸服？米哈游的技术实力就这？补偿只有100...,2026-08-05 05:00:00,https://xiaohongshu.com/user_299869/173201,1090,402,79,#ZZZ#
mhy_20260827_061,mihoyo,米哈游,绝区零,B站,social_media,绝区零爱好者,user_255813,36018,绝区零走格子机制太无聊了，打斗手感也一般，和宣传差太多了，不推荐,绝区零走格子机制太无聊了，打斗手感也一般，和宣传差太多了，不...,2026-08-20 07:00:00,https://bilibili.com/user_255813/678727,1041,196,180,"#米哈游#,#ZZZ#"
mhy_20260811_062,mihoyo,米哈游,崩坏：星穹铁道,小红书,social_media,银河铁路员,user_145767,8025,崩铁日常太无聊了，就是刷材料，玩法单一,崩铁日常太无聊了，就是刷材料，玩法单一,2026-08-24 01:00:00,https://xiaohongshu.com/user_145767/504832,1018,381,205,#星穹铁道#
mhy_20260814_063,mihoyo,米哈游,绝区零,知乎,forum,游戏测评师,user_204555,4236,绝区零玩法太单一，走格子走到烦，战斗也不够爽,绝区零玩法太单一，走格子走到烦，战斗也不够爽,2026-08-18 10:00:00,https://zhihu.com/user_204555/529893,81,389,83,#ZZZ#
mhy_20260808_064,mihoyo,米哈游,崩坏：星穹铁道,微博,social_media,铁道党,user_432043,22687,崩铁音乐一直在线，但游戏玩法需要创新,崩铁音乐一直在线，但游戏玩法需要创新,2026-08-14 02:00:00,https://weibo.com/user_432043/137642,464,67,36,"#米哈游#,#星穹铁道#"
mhy_20260816_065,mihoyo,米哈游,原神,知乎,forum,原神老玩家,user_565230,24570,原神1.4太惊艳了，新地图设计绝了，探索体验拉满,原神1.4太惊艳了，新地图设计绝了，探索体验拉满,2026-08-29 02:00:00,https://zhihu.com/user_565230/440131,2553,59,43,#原神#
mhy_20260810_066,mihoyo,米哈游,原神,小红书,social_media,原神老玩家,user_182804,17605,原神5.0剧情写得像流水账，毫无魅力，角色人设崩坏,原神5.0剧情写得像流水账，毫无魅力，角色人设崩坏,2026-08-15 12:00:00,https://xiaohongshu.com/user_182804/621841,1319,369,133,#原神吐槽#
mhy_20260806_067,mihoyo,米哈游,崩坏：星穹铁道,微博,social_media,模拟宇宙达人,user_177449,17233,崩铁3.0版本还行，剧情一般般，角色设计可以,崩铁3.0版本还行，剧情一般般，角色设计可以,2026-08-20 13:00:00,https://weibo.com/user_177449/544920,310,43,42,"#米哈游#,#崩铁#"
mhy_20260813_068,mihoyo,米哈游,原神,B站,social_media,稻妻武士,user_410244,64335,原神2.5版本长草期太长了，一个月没新内容，每天上线5分钟下线,原神2.5版本长草期太长了，一个月没新内容，每天上线5分钟下...,2026-08-12 15:00:00,https://bilibili.com/user_410244/387813,94,444,212,"#米哈游#,#Genshin#"
mhy_20260904_069,mihoyo,米哈游,崩坏：星穹铁道,知乎,forum,星铁开拓者,user_940886,29939,崩铁音乐一直在线，但游戏玩法需要创新,崩铁音乐一直在线，但游戏玩法需要创新,2026-08-23 17:00:00,https://zhihu.com/user_940886/362801,335,29,41,#米哈游#
mhy_20260814_070,mihoyo,米哈游,绝区零,B站,social_media,游戏玩家大白,user_707727,83345,绝区零美术风格不错，但玩法还需要打磨,绝区零美术风格不错，但玩法还需要打磨,2026-08-23 01:00:00,https://bilibili.com/user_707727/442589,77,16,20,"#ZZZ#,#绝区零#"
mhy_20260812_071,mihoyo,米哈游,崩坏：星穹铁道,微博,social_media,崩铁数据帝,user_882824,35289,崩铁5.0新角色中规中矩，强度适中,崩铁5.0新角色中规中矩，强度适中,2026-08-07 14:00:00,https://weibo.com/user_882824/178957,421,19,31,"#星穹铁道#,#米哈游#"
mhy_20260831_072,mihoyo,米哈游,绝区零,微博,social_media,绳匠日记,user_114594,26544,绝区零1.3有进步，但距离一线还有差距,绝区零1.3有进步，但距离一线还有差距,2026-08-26 07:00:00,https://weibo.com/user_114594/805511,73,63,25,#ZZZ#
mhy_20260812_073,mihoyo,米哈游,崩坏：星穹铁道,知乎,forum,崩铁数据帝,user_688678,3650,崩铁新角色设计绝了，立绘超好看，必须抽,崩铁新角色设计绝了，立绘超好看，必须抽,2026-08-24 05:00:00,https://zhihu.com/user_688678/766269,1913,693,52,#米哈游#
mhy_20260809_074,mihoyo,米哈游,崩坏：星穹铁道,知乎,forum,崩铁老玩家,user_201913,4680,崩铁4.8版本还行，剧情一般般，角色设计可以,崩铁4.8版本还行，剧情一般般，角色设计可以,2026-08-27 07:00:00,https://zhihu.com/user_201913/489033,79,54,31,"#星穹铁道#,#崩铁#"
mhy_20260814_075,mihoyo,米哈游,公司,知乎,forum,手游那点事,user_974190,24422,米哈游三款产品并行，资源分配是个挑战,米哈游三款产品并行，资源分配是个挑战,2026-08-19 05:00:00,https://zhihu.com/user_974190/823811,218,40,4,"#游戏行业#,#米哈游#"
mhy_20260824_076,mihoyo,米哈游,原神,小红书,social_media,璃月港商人,user_389282,3455,原神越来越贵了，月卡党根本玩不起，专武必须抽，平民没法玩,原神越来越贵了，月卡党根本玩不起，专武必须抽，平民没法玩,2026-08-28 21:00:00,https://xiaohongshu.com/user_389282/196126,1993,454,242,#Genshin#
mhy_20260814_077,mihoyo,米哈游,原神,知乎,forum,原神强度党,user_171942,25881,原神2.5剧情封神了，米哈游编剧终于在线了,原神2.5剧情封神了，米哈游编剧终于在线了,2026-08-08 07:00:00,https://zhihu.com/user_171942/952547,1797,630,130,#原神吐槽#
mhy_20260808_078,mihoyo,米哈游,原神,B站,social_media,纳塔战士,user_937302,1371,原神5.0新角色设计中规中矩，强度适中，值得抽,原神5.0新角色设计中规中矩，强度适中，值得抽,2026-08-29 21:00:00,https://bilibili.com/user_937302/115582,348,8,10,#米哈游#
mhy_20260824_079,mihoyo,米哈游,绝区零,微博,social_media,游戏玩家大白,user_881886,17891,绝区零走格子机制太无聊了，打斗手感也一般，和宣传差太多了，不推荐,绝区零走格子机制太无聊了，打斗手感也一般，和宣传差太多了，不...,2026-09-01 09:00:00,https://weibo.com/user_881886/638169,968,418,195,"#米哈游#,#绝区零#"
mhy_20260817_080,mihoyo,米哈游,原神,小红书,social_media,原神强度党,user_602248,17286,原神3.0剧情封神了，米哈游编剧终于在线了,原神3.0剧情封神了，米哈游编剧终于在线了,2026-08-07 12:00:00,https://xiaohongshu.com/user_602248/614084,3592,732,75,#原神#
mhy_20260813_081,mihoyo,米哈游,未定事件簿,微博,social_media,莫弈粉丝,user_499407,10221,未定事件簿新卡池概率太低了，80抽没出SSR，官方连个说法都没有,未定事件簿新卡池概率太低了，80抽没出SSR，官方连个说法都...,2026-08-15 08:00:00,https://weibo.com/user_499407/734836,653,252,268,"#米哈游#,#乙游#"
mhy_20260822_082,mihoyo,米哈游,原神,知乎,forum,枫丹审判者,user_455395,23720,原神音乐永远的神，新版本BGM听哭了,原神音乐永远的神，新版本BGM听哭了,2026-08-08 10:00:00,https://zhihu.com/user_455395/199704,3366,455,393,"#原神吐槽#,#Genshin#"
mhy_20260825_083,mihoyo,米哈游,崩坏：星穹铁道,知乎,forum,星核猎人,user_197758,22605,崩铁4.9新角色强度超标，旧角色直接下水道，平衡性堪忧,崩铁4.9新角色强度超标，旧角色直接下水道，平衡性堪忧,2026-08-21 21:00:00,https://zhihu.com/user_197758/951201,1574,398,200,#崩铁#
mhy_20260831_084,mihoyo,米哈游,崩坏：星穹铁道,知乎,forum,崩铁数据帝,user_856086,22054,崩铁1.4版本还行，剧情一般般，角色设计可以,崩铁1.4版本还行，剧情一般般，角色设计可以,2026-09-02 15:00:00,https://zhihu.com/user_856086/208633,317,44,24,"#米哈游#,#星穹铁道#"
mhy_20260817_085,mihoyo,米哈游,崩坏：星穹铁道,微博,social_media,崩铁老玩家,user_946432,23445,崩铁4.9新角色中规中矩，强度适中,崩铁4.9新角色中规中矩，强度适中,2026-08-21 07:00:00,https://weibo.com/user_946432/807764,402,84,41,"#米哈游#,#崩铁#"
mhy_20260815_086,mihoyo,米哈游,崩坏：星穹铁道,知乎,forum,铁道党,user_106402,1048,星穹铁道算是合格的副游，不肝不氪也能玩,星穹铁道算是合格的副游，不肝不氪也能玩,2026-08-29 20:00:00,https://zhihu.com/user_106402/172965,299,89,27,"#星穹铁道#,#米哈游#"
mhy_20260831_087,mihoyo,米哈游,绝区零,TapTap,forum,绝区零爱好者,user_488028,3574,绝区零角色设计没特色，和原神崩铁差距明显,绝区零角色设计没特色，和原神崩铁差距明显,2026-08-25 01:00:00,https://taptap.com/user_488028/725185,714,417,300,"#ZZZ#,#绝区零#"
mhy_20260902_088,mihoyo,米哈游,未定事件簿,微博,social_media,乙女游戏爱好者,user_609253,44669,未定事件簿剧情还行，但更新太慢了,未定事件簿剧情还行，但更新太慢了,2026-08-15 10:00:00,https://weibo.com/user_609253/891615,222,39,15,"#米哈游#,#乙游#"
mhy_20260819_089,mihoyo,米哈游,原神,小红书,social_media,纳塔战士,user_514463,16145,原神身边玩的人越来越少了，竞品更好玩，准备退坑了,原神身边玩的人越来越少了，竞品更好玩，准备退坑了,2026-08-15 23:00:00,https://xiaohongshu.com/user_514463/321494,65,124,164,#原神吐槽#
mhy_20260811_090,mihoyo,米哈游,原神,微博,social_media,原神强度党,user_658453,33096,原神5.0剧情写得像流水账，毫无魅力，角色人设崩坏,原神5.0剧情写得像流水账，毫无魅力，角色人设崩坏,2026-08-12 17:00:00,https://weibo.com/user_658453/175576,1074,306,191,#Genshin#
mhy_20260823_091,mihoyo,米哈游,未定事件簿,微博,social_media,乙女游戏爱好者,user_403578,21016,未定运营越来越敷衍了，活动奖励少，福利差,未定运营越来越敷衍了，活动奖励少，福利差,2026-08-31 12:00:00,https://weibo.com/user_403578/940247,92,186,97,"#米哈游#,#乙游#"
mhy_20260805_092,mihoyo,米哈游,崩坏：星穹铁道,B站,social_media,崩铁老玩家,user_649414,58240,崩铁2.5剧情太神了，米哈游编剧在线！,崩铁2.5剧情太神了，米哈游编剧在线！,2026-09-01 12:00:00,https://bilibili.com/user_649414/332335,2641,793,193,"#米哈游#,#星穹铁道#"
mhy_20260825_093,mihoyo,米哈游,绝区零,微博,social_media,绝区零爱好者,user_347745,33920,绝区零美术风格不错，但玩法还需要打磨,绝区零美术风格不错，但玩法还需要打磨,2026-08-31 20:00:00,https://weibo.com/user_347745/731661,141,30,13,"#米哈游#,#绝区零#"
mhy_20260831_094,mihoyo,米哈游,绝区零,知乎,forum,绳匠日记,user_258290,16291,绝区零角色设计没特色，和原神崩铁差距明显,绝区零角色设计没特色，和原神崩铁差距明显,2026-08-20 22:00:00,https://zhihu.com/user_258290/935012,1010,246,165,"#米哈游#,#ZZZ#"
mhy_20260827_095,mihoyo,米哈游,崩坏：星穹铁道,小红书,social_media,模拟宇宙达人,user_775981,15008,崩铁4.8版本长草期太长了，每天上线10分钟就没事干，内容产能跟不上了,崩铁4.8版本长草期太长了，每天上线10分钟就没事干，内容产...,2026-08-07 22:00:00,https://xiaohongshu.com/user_775981/503159,1309,324,269,"#星穹铁道#,#崩铁#"
mhy_20260821_096,mihoyo,米哈游,崩坏：星穹铁道,TapTap,forum,星铁开拓者,user_164879,7418,星穹铁道算是合格的副游，不肝不氪也能玩,星穹铁道算是合格的副游，不肝不氪也能玩,2026-08-20 21:00:00,https://taptap.com/user_164879/188425,425,48,47,"#米哈游#,#崩铁#"
mhy_20260819_097,mihoyo,米哈游,崩坏：星穹铁道,微博,social_media,模拟宇宙达人,user_528625,34845,星穹铁道算是合格的副游，不肝不氪也能玩,星穹铁道算是合格的副游，不肝不氪也能玩,2026-08-10 14:00:00,https://weibo.com/user_528625/927564,357,81,5,"#星穹铁道#,#米哈游#"
mhy_20260815_098,mihoyo,米哈游,崩坏：星穹铁道,微博,social_media,星穹列车长,user_466813,19121,崩铁抽卡体验太差，大保底才出，概率感人,崩铁抽卡体验太差，大保底才出，概率感人,2026-08-25 04:00:00,https://weibo.com/user_466813/235215,1480,359,210,"#崩铁#,#米哈游#"
mhy_20260816_099,mihoyo,米哈游,绝区零,微博,social_media,绳匠日记,user_119116,22027,绝区零美术风格不错，但玩法还需要打磨,绝区零美术风格不错，但玩法还需要打磨,2026-08-23 15:00:00,https://weibo.com/user_119116/903373,102,32,23,"#米哈游#,#ZZZ#"
mhy_20260820_100,mihoyo,米哈游,原神,TapTap,forum,蒙德城骑士,user_495019,1707,原神身边玩的人越来越少了，竞品更好玩，准备退坑了,原神身边玩的人越来越少了，竞品更好玩，准备退坑了,2026-08-30 19:00:00,https://taptap.com/user_495019/856215,420,445,94,"#原神吐槽#,#米哈游#"
mhy_20260821_101,mihoyo,米哈游,原神,小红书,social_media,须弥学者,user_947903,9536,玩原神三年了，感觉游戏在走下坡路但还能接受,玩原神三年了，感觉游戏在走下坡路但还能接受,2026-08-09 09:00:00,https://xiaohongshu.com/user_947903/811256,472,29,25,#米哈游#
mhy_20260805_102,mihoyo,米哈游,崩坏：星穹铁道,小红书,social_media,星穹列车长,user_245121,16679,崩铁音乐一直在线，但游戏玩法需要创新,崩铁音乐一直在线，但游戏玩法需要创新,2026-08-07 16:00:00,https://xiaohongshu.com/user_245121/489244,36,87,32,#米哈游#
mhy_20260818_103,mihoyo,米哈游,公司,知乎,forum,财经观察,user_971415,9440,米哈游AI技术布局：蔡浩宇亲自带队，下一个十年押注AIGC游戏,米哈游AI技术布局：蔡浩宇亲自带队，下一个十年押注AIGC游...,2026-08-21 22:00:00,https://zhihu.com/user_971415/466566,494,33,30,"#miHoYo#,#米哈游#"
mhy_20260806_104,mihoyo,米哈游,原神,微博,social_media,原神老玩家,user_434165,25807,原神1.3版本还行吧，内容量一般，不算惊喜也不失望,原神1.3版本还行吧，内容量一般，不算惊喜也不失望,2026-08-05 21:00:00,https://weibo.com/user_434165/451577,439,96,43,#原神#
mhy_20260810_105,mihoyo,米哈游,原神,微博,social_media,须弥学者,user_119927,46117,原神音乐永远的神，新版本BGM听哭了,原神音乐永远的神，新版本BGM听哭了,2026-08-26 18:00:00,https://weibo.com/user_119927/738457,1324,591,392,"#原神#,#Genshin#"
mhy_20260819_106,mihoyo,米哈游,崩坏：星穹铁道,B站,social_media,崩铁老玩家,user_977330,7258,崩铁剧情越来越敷衍了，角色人设崩坏，感觉团队重心都在新项目上了,崩铁剧情越来越敷衍了，角色人设崩坏，感觉团队重心都在新项目上...,2026-08-06 09:00:00,https://bilibili.com/user_977330/762652,1272,294,18,"#崩铁#,#米哈游#"
mhy_20260819_107,mihoyo,米哈游,崩坏：星穹铁道,知乎,forum,星铁开拓者,user_648913,20246,崩铁抽卡体验太差，大保底才出，概率感人,崩铁抽卡体验太差，大保底才出，概率感人,2026-08-23 22:00:00,https://zhihu.com/user_648913/924613,1127,298,269,"#崩铁#,#米哈游#"
mhy_20260819_108,mihoyo,米哈游,崩坏：星穹铁道,小红书,social_media,星穹列车长,user_352838,12432,崩铁4.8新角色中规中矩，强度适中,崩铁4.8新角色中规中矩，强度适中,2026-08-11 03:00:00,https://xiaohongshu.com/user_352838/870899,331,18,39,"#崩铁#,#星穹铁道#"
mhy_20260811_109,mihoyo,米哈游,原神,微博,social_media,提瓦特探险家,user_166165,45371,玩原神三年了，感觉游戏在走下坡路但还能接受,玩原神三年了，感觉游戏在走下坡路但还能接受,2026-08-12 10:00:00,https://weibo.com/user_166165/145934,28,42,14,#原神吐槽#
mhy_20260810_110,mihoyo,米哈游,原神,微博,social_media,枫丹审判者,user_300386,26598,原神福利增多，良心运营，尊重玩家体验,原神福利增多，良心运营，尊重玩家体验,2026-08-25 13:00:00,https://weibo.com/user_300386/386488,491,701,189,"#原神#,#米哈游#"
mhy_20260901_111,mihoyo,米哈游,绝区零,小红书,social_media,ZZZ玩家,user_485191,12869,绝区零5.0优化太差了，PC端帧率掉得厉害，3060都带不动,绝区零5.0优化太差了，PC端帧率掉得厉害，3060都带不动,2026-08-05 08:00:00,https://xiaohongshu.com/user_485191/862400,596,430,52,"#米哈游#,#ZZZ#"
mhy_20260822_112,mihoyo,米哈游,原神,知乎,forum,枫丹审判者,user_793024,9726,原神4.9剧情封神了，米哈游编剧终于在线了,原神4.9剧情封神了，米哈游编剧终于在线了,2026-08-25 15:00:00,https://zhihu.com/user_793024/546815,3752,647,387,#米哈游#
mhy_20260830_113,mihoyo,米哈游,绝区零,小红书,social_media,新艾利都代理人,user_768480,14452,绝区零4.8优化太差了，PC端帧率掉得厉害，3060都带不动,绝区零4.8优化太差了，PC端帧率掉得厉害，3060都带不动,2026-08-22 13:00:00,https://xiaohongshu.com/user_768480/132653,1100,430,91,#米哈游#
mhy_20260831_114,mihoyo,米哈游,未定事件簿,知乎,forum,未定玩家,user_734487,2303,未定事件簿新卡池概率太低了，80抽没出SSR，官方连个说法都没有,未定事件簿新卡池概率太低了，80抽没出SSR，官方连个说法都...,2026-08-30 03:00:00,https://zhihu.com/user_734487/565504,971,209,200,"#乙游#,#未定事件簿#"
mhy_20260811_115,mihoyo,米哈游,原神,微博,social_media,璃月港商人,user_871411,43069,原神新角色立绘越画越崩，和宣传图差距太大了，配音也出戏,原神新角色立绘越画越崩，和宣传图差距太大了，配音也出戏,2026-08-29 09:00:00,https://weibo.com/user_871411/223481,1110,218,297,#原神#
mhy_20260827_116,mihoyo,米哈游,绝区零,知乎,forum,绝区零爱好者,user_242321,9457,绝区零内容量太少，长草期比崩铁还长,绝区零内容量太少，长草期比崩铁还长,2026-08-07 22:00:00,https://zhihu.com/user_242321/192055,975,108,237,#绝区零#
mhy_20260810_117,mihoyo,米哈游,绝区零,B站,social_media,新艾利都代理人,user_932250,94000,绝区零走格子机制太无聊了，打斗手感也一般，和宣传差太多了，不推荐,绝区零走格子机制太无聊了，打斗手感也一般，和宣传差太多了，不...,2026-08-23 08:00:00,https://bilibili.com/user_932250/930541,509,82,112,"#绝区零#,#米哈游#"
mhy_20260831_118,mihoyo,米哈游,原神,小红书,social_media,纳塔战士,user_424314,12288,原神更新完又卡了，手机发烫到不行，优化越来越差,原神更新完又卡了，手机发烫到不行，优化越来越差,2026-08-22 02:00:00,https://xiaohongshu.com/user_424314/530749,1522,265,279,#原神#
mhy_20260811_119,mihoyo,米哈游,崩坏：星穹铁道,知乎,forum,崩铁数据帝,user_234568,21148,崩铁3.0版本长草期太长了，每天上线10分钟就没事干，内容产能跟不上了,崩铁3.0版本长草期太长了，每天上线10分钟就没事干，内容产...,2026-08-06 07:00:00,https://zhihu.com/user_234568/905077,1360,320,103,"#米哈游#,#星穹铁道#"
mhy_20260805_120,mihoyo,米哈游,原神,小红书,social_media,旅行者日记,user_438334,17177,原神音乐永远的神，新版本BGM听哭了,原神音乐永远的神，新版本BGM听哭了,2026-08-05 02:00:00,https://xiaohongshu.com/user_438334/397846,1947,384,285,#原神吐槽#
mhy_20260808_121,mihoyo,米哈游,原神,微博,social_media,蒙德城骑士,user_279516,8703,原神4.9剧情封神了，米哈游编剧终于在线了,原神4.9剧情封神了，米哈游编剧终于在线了,2026-08-13 05:00:00,https://weibo.com/user_279516/965322,2865,607,41,#原神吐槽#
mhy_20260808_122,mihoyo,米哈游,原神,微博,social_media,纳塔战士,user_757629,17844,原神依然是好游戏，但有些问题确实需要改进,原神依然是好游戏，但有些问题确实需要改进,2026-08-17 15:00:00,https://weibo.com/user_757629/356773,338,43,32,#Genshin#
mhy_20260810_123,mihoyo,米哈游,绝区零,小红书,social_media,绳匠日记,user_313933,2163,绝区零美术风格不错，但玩法还需要打磨,绝区零美术风格不错，但玩法还需要打磨,2026-08-24 05:00:00,https://xiaohongshu.com/user_313933/434827,83,45,47,"#ZZZ#,#米哈游#"
mhy_20260812_124,mihoyo,米哈游,公司,微博,social_media,游戏产业观察,user_228473,24783,米哈游越来越逼氪了，吃相难看，割韭菜,米哈游越来越逼氪了，吃相难看，割韭菜,2026-08-26 10:00:00,https://weibo.com/user_228473/153063,557,92,59,"#米哈游#,#miHoYo#"
mhy_20260826_125,mihoyo,米哈游,公司,B站,social_media,游戏产业观察,user_622469,21932,米哈游公关回应太敷衍了，毫无诚意，冷处理玩家诉求,米哈游公关回应太敷衍了，毫无诚意，冷处理玩家诉求,2026-08-18 10:00:00,https://bilibili.com/user_622469/621530,1071,470,167,#米哈游#
mhy_20260904_126,mihoyo,米哈游,原神,小红书,social_media,原神老玩家,user_395023,7249,原神1.3地图探索内容还可以，就是日常太肝了,原神1.3地图探索内容还可以，就是日常太肝了,2026-08-19 05:00:00,https://xiaohongshu.com/user_395023/593446,461,88,45,#原神#
mhy_20260826_127,mihoyo,米哈游,崩坏：星穹铁道,B站,social_media,铁道党,user_153642,96355,崩铁抽卡体验太差，大保底才出，概率感人,崩铁抽卡体验太差，大保底才出，概率感人,2026-08-16 07:00:00,https://bilibili.com/user_153642/402620,448,205,293,"#崩铁#,#星穹铁道#"
mhy_20260902_128,mihoyo,米哈游,原神,小红书,social_media,纳塔战士,user_684929,4093,原神依然是好游戏，但有些问题确实需要改进,原神依然是好游戏，但有些问题确实需要改进,2026-08-04 13:00:00,https://xiaohongshu.com/user_684929/731728,396,23,14,"#米哈游#,#原神吐槽#"
mhy_20260819_129,mihoyo,米哈游,崩坏：星穹铁道,微博,social_media,崩铁数据帝,user_640546,31547,崩铁日常太无聊了，就是刷材料，玩法单一,崩铁日常太无聊了，就是刷材料，玩法单一,2026-08-30 14:00:00,https://weibo.com/user_640546/270395,1957,333,173,#米哈游#
mhy_20260823_130,mihoyo,米哈游,公司,B站,social_media,游戏行业分析师,user_486251,67494,米哈游越来越逼氪了，吃相难看，割韭菜,米哈游越来越逼氪了，吃相难看，割韭菜,2026-08-24 03:00:00,https://bilibili.com/user_486251/935457,274,233,167,"#miHoYo#,#米哈游#"
mhy_20260807_131,mihoyo,米哈游,绝区零,知乎,forum,ZZZ玩家,user_603787,8800,绝区零内容量太少，长草期比崩铁还长,绝区零内容量太少，长草期比崩铁还长,2026-08-29 08:00:00,https://zhihu.com/user_603787/254954,1338,389,204,#米哈游#
mhy_20260809_132,mihoyo,米哈游,绝区零,微博,social_media,游戏测评师,user_533020,13003,绝区零战斗手感真爽，打击感拉满！,绝区零战斗手感真爽，打击感拉满！,2026-08-12 18:00:00,https://weibo.com/user_533020/741181,3461,543,416,"#ZZZ#,#绝区零#"
mhy_20260806_133,mihoyo,米哈游,崩坏：星穹铁道,B站,social_media,星核猎人,user_428993,68984,星穹铁道算是合格的副游，不肝不氪也能玩,星穹铁道算是合格的副游，不肝不氪也能玩,2026-08-04 19:00:00,https://bilibili.com/user_428993/672808,245,73,23,"#米哈游#,#星穹铁道#"
mhy_20260824_134,mihoyo,米哈游,崩坏：星穹铁道,B站,social_media,铁道党,user_685196,80963,崩铁音乐一直在线，但游戏玩法需要创新,崩铁音乐一直在线，但游戏玩法需要创新,2026-08-25 17:00:00,https://bilibili.com/user_685196/839142,492,43,20,#星穹铁道#
mhy_20260829_135,mihoyo,米哈游,绝区零,小红书,social_media,绝区零爱好者,user_910616,9160,绝区零算是米哈游的尝试，有亮点也有不足,绝区零算是米哈游的尝试，有亮点也有不足,2026-08-09 20:00:00,https://xiaohongshu.com/user_910616/848831,158,10,20,"#ZZZ#,#米哈游#"
mhy_20260902_136,mihoyo,米哈游,原神,小红书,social_media,须弥学者,user_745584,7211,原神2.6活动就这？奖励抠门，内容敷衍，策划是不是不玩游戏,原神2.6活动就这？奖励抠门，内容敷衍，策划是不是不玩游戏,2026-08-11 06:00:00,https://xiaohongshu.com/user_745584/802371,540,144,35,"#原神吐槽#,#原神#"
mhy_20260807_137,mihoyo,米哈游,崩坏：星穹铁道,知乎,forum,星穹列车长,user_908206,10923,崩铁3.0活动设计不行，奖励少，机制复杂,崩铁3.0活动设计不行，奖励少，机制复杂,2026-08-31 00:00:00,https://zhihu.com/user_908206/526673,1177,495,90,#米哈游#
mhy_20260815_138,mihoyo,米哈游,公司,B站,social_media,科技新视野,user_783984,38649,米哈游估值又涨了，准备IPO吗？,米哈游估值又涨了，准备IPO吗？,2026-08-16 17:00:00,https://bilibili.com/user_783984/991638,283,99,48,#米哈游#
mhy_20260806_139,mihoyo,米哈游,原神,B站,social_media,提瓦特探险家,user_139286,5763,原神3.0剧情写得像流水账，毫无魅力，角色人设崩坏,原神3.0剧情写得像流水账，毫无魅力，角色人设崩坏,2026-09-03 15:00:00,https://bilibili.com/user_139286/451317,1213,328,64,#米哈游#
mhy_20260826_140,mihoyo,米哈游,崩坏：星穹铁道,知乎,forum,星核猎人,user_446747,27987,崩铁音乐一直在线，但游戏玩法需要创新,崩铁音乐一直在线，但游戏玩法需要创新,2026-08-29 01:00:00,https://zhihu.com/user_446747/853504,244,87,18,#崩铁#
mhy_20260830_141,mihoyo,米哈游,原神,微博,social_media,原神老玩家,user_520304,12001,原神策划该换人了，玩家意见从来不听，迟早要凉,原神策划该换人了，玩家意见从来不听，迟早要凉,2026-08-13 21:00:00,https://weibo.com/user_520304/439320,428,91,254,"#米哈游#,#原神#"
mhy_20260806_142,mihoyo,米哈游,原神,微博,social_media,蒙德城骑士,user_347781,22102,原神新角色立绘越画越崩，和宣传图差距太大了，配音也出戏,原神新角色立绘越画越崩，和宣传图差距太大了，配音也出戏,2026-09-02 03:00:00,https://weibo.com/user_347781/267475,292,258,167,"#米哈游#,#Genshin#"
mhy_20260823_143,mihoyo,米哈游,绝区零,B站,social_media,新艾利都代理人,user_329772,91477,绝区零战斗手感真爽，打击感拉满！,绝区零战斗手感真爽，打击感拉满！,2026-08-04 20:00:00,https://bilibili.com/user_329772/884056,4017,186,252,"#米哈游#,#绝区零#"
mhy_20260816_144,mihoyo,米哈游,原神,知乎,forum,枫丹审判者,user_653829,26379,原神音乐永远的神，新版本BGM听哭了,原神音乐永远的神，新版本BGM听哭了,2026-08-12 13:00:00,https://zhihu.com/user_653829/164758,739,607,77,#Genshin#
mhy_20260809_145,mihoyo,米哈游,崩坏：星穹铁道,小红书,social_media,星核猎人,user_315379,5591,崩铁3.0新角色中规中矩，强度适中,崩铁3.0新角色中规中矩，强度适中,2026-08-12 06:00:00,https://xiaohongshu.com/user_315379/567122,260,16,34,#米哈游#
mhy_20260810_146,mihoyo,米哈游,原神,微博,social_media,纳塔战士,user_366817,4283,原神身边玩的人越来越少了，竞品更好玩，准备退坑了,原神身边玩的人越来越少了，竞品更好玩，准备退坑了,2026-08-09 00:00:00,https://weibo.com/user_366817/147489,1577,131,47,"#原神#,#原神吐槽#"
mhy_20260822_147,mihoyo,米哈游,原神,微博,social_media,旅行者日记,user_903028,31437,原神2.6太惊艳了，新地图设计绝了，探索体验拉满,原神2.6太惊艳了，新地图设计绝了，探索体验拉满,2026-08-14 01:00:00,https://weibo.com/user_903028/501058,3543,413,476,"#原神吐槽#,#原神#"
mhy_20260821_148,mihoyo,米哈游,未定事件簿,B站,social_media,莫弈粉丝,user_663356,18431,未定运营越来越敷衍了，活动奖励少，福利差,未定运营越来越敷衍了，活动奖励少，福利差,2026-08-22 08:00:00,https://bilibili.com/user_663356/975373,310,392,124,#未定事件簿#
mhy_20260904_149,mihoyo,米哈游,绝区零,TapTap,forum,绳匠日记,user_583000,8970,绝区零算是米哈游的尝试，有亮点也有不足,绝区零算是米哈游的尝试，有亮点也有不足,2026-08-23 20:00:00,https://taptap.com/user_583000/902674,151,29,48,#绝区零#
mhy_20260901_150,mihoyo,米哈游,原神,知乎,forum,原神强度党,user_568127,7986,原神依然是好游戏，但有些问题确实需要改进,原神依然是好游戏，但有些问题确实需要改进,2026-08-15 03:00:00,https://zhihu.com/user_568127/876513,370,11,17,#原神#
mhy_20260903_151,mihoyo,米哈游,崩坏：星穹铁道,微博,social_media,星铁开拓者,user_704095,9683,崩铁日常太无聊了，就是刷材料，玩法单一,崩铁日常太无聊了，就是刷材料，玩法单一,2026-08-24 06:00:00,https://weibo.com/user_704095/348411,1274,415,174,#米哈游#
mhy_20260826_152,mihoyo,米哈游,未定事件簿,TapTap,forum,乙游达人,user_811721,4973,未定4.8新卡面好看，但玩法没新意,未定4.8新卡面好看，但玩法没新意,2026-08-21 07:00:00,https://taptap.com/user_811721/774565,263,11,24,#米哈游#
mhy_20260814_153,mihoyo,米哈游,原神,小红书,social_media,稻妻武士,user_352673,5089,原神1.4新角色设计中规中矩，强度适中，值得抽,原神1.4新角色设计中规中矩，强度适中，值得抽,2026-08-07 17:00:00,https://xiaohongshu.com/user_352673/944917,163,95,11,#Genshin#
mhy_20260821_154,mihoyo,米哈游,未定事件簿,知乎,forum,莫弈粉丝,user_313214,17466,未定事件簿新剧情太甜了，左然yyds！,未定事件簿新剧情太甜了，左然yyds！,2026-08-24 04:00:00,https://zhihu.com/user_313214/489102,747,490,453,#乙游#
mhy_20260902_155,mihoyo,米哈游,崩坏：星穹铁道,B站,social_media,星穹列车长,user_943737,89299,崩铁日常太无聊了，就是刷材料，玩法单一,崩铁日常太无聊了，就是刷材料，玩法单一,2026-08-10 06:00:00,https://bilibili.com/user_943737/327558,1533,363,296,#崩铁#
mhy_20260820_156,mihoyo,米哈游,原神,B站,social_media,原神强度党,user_733760,28762,原神4.9活动就这？奖励抠门，内容敷衍，策划是不是不玩游戏,原神4.9活动就这？奖励抠门，内容敷衍，策划是不是不玩游戏,2026-08-12 18:00:00,https://bilibili.com/user_733760/678897,862,488,132,"#原神吐槽#,#米哈游#"
mhy_20260825_157,mihoyo,米哈游,绝区零,小红书,social_media,新艾利都代理人,user_941814,10306,绝区零算是米哈游的尝试，有亮点也有不足,绝区零算是米哈游的尝试，有亮点也有不足,2026-08-11 09:00:00,https://xiaohongshu.com/user_941814/488712,399,45,15,"#ZZZ#,#绝区零#"
mhy_20260825_158,mihoyo,米哈游,崩坏：星穹铁道,知乎,forum,星核猎人,user_445888,631,崩铁抽卡体验太差，大保底才出，概率感人,崩铁抽卡体验太差，大保底才出，概率感人,2026-08-27 12:00:00,https://zhihu.com/user_445888/623555,1216,446,135,"#崩铁#,#米哈游#"
mhy_20260818_159,mihoyo,米哈游,崩坏：星穹铁道,知乎,forum,模拟宇宙达人,user_277487,23809,崩铁3.0活动设计不行，奖励少，机制复杂,崩铁3.0活动设计不行，奖励少，机制复杂,2026-08-30 01:00:00,https://zhihu.com/user_277487/668471,1169,270,104,"#崩铁#,#星穹铁道#"
mhy_20260815_160,mihoyo,米哈游,公司,小红书,social_media,财经观察,user_342675,1789,大伟哥又在发布会上画大饼了，但米哈游确实有实力,大伟哥又在发布会上画大饼了，但米哈游确实有实力,2026-09-01 02:00:00,https://xiaohongshu.com/user_342675/630299,1337,39,131,#游戏行业#
mhy_20260821_161,mihoyo,米哈游,原神,知乎,forum,纳塔战士,user_112426,15933,玩原神三年了，感觉游戏在走下坡路但还能接受,玩原神三年了，感觉游戏在走下坡路但还能接受,2026-09-03 08:00:00,https://zhihu.com/user_112426/400614,379,40,36,#Genshin#
mhy_20260904_162,mihoyo,米哈游,崩坏：星穹铁道,知乎,forum,星核猎人,user_749887,3606,崩铁5.0版本长草期太长了，每天上线10分钟就没事干，内容产能跟不上了,崩铁5.0版本长草期太长了，每天上线10分钟就没事干，内容产...,2026-08-18 16:00:00,https://zhihu.com/user_749887/933551,1719,201,146,#崩铁#
mhy_20260823_163,mihoyo,米哈游,原神,TapTap,forum,原神老玩家,user_524965,3750,原神4.9新角色设计中规中矩，强度适中，值得抽,原神4.9新角色设计中规中矩，强度适中，值得抽,2026-08-22 12:00:00,https://taptap.com/user_524965/767678,292,65,5,#原神#
mhy_20260904_164,mihoyo,米哈游,绝区零,微博,social_media,绳匠日记,user_321686,22210,绝区零4.9更新后好多了，团队在认真改进,绝区零4.9更新后好多了，团队在认真改进,2026-08-06 02:00:00,https://weibo.com/user_321686/148823,4743,516,158,#绝区零#
mhy_20260806_165,mihoyo,米哈游,原神,B站,social_media,纳塔战士,user_715551,87259,原神5.0太惊艳了，新地图设计绝了，探索体验拉满,原神5.0太惊艳了，新地图设计绝了，探索体验拉满,2026-08-30 02:00:00,https://bilibili.com/user_715551/270341,3362,108,173,"#原神#,#Genshin#"
mhy_20260817_166,mihoyo,米哈游,原神,B站,social_media,枫丹审判者,user_156304,44480,原神5.0剧情写得像流水账，毫无魅力，角色人设崩坏,原神5.0剧情写得像流水账，毫无魅力，角色人设崩坏,2026-08-31 11:00:00,https://bilibili.com/user_156304/457137,525,449,48,#米哈游#
mhy_20260816_167,mihoyo,米哈游,绝区零,TapTap,forum,新艾利都代理人,user_473095,535,绝区零内容量太少，长草期比崩铁还长,绝区零内容量太少，长草期比崩铁还长,2026-08-17 12:00:00,https://taptap.com/user_473095/189856,934,115,204,"#ZZZ#,#绝区零#"
mhy_20260811_168,mihoyo,米哈游,崩坏：星穹铁道,B站,social_media,崩铁老玩家,user_508548,36123,星穹铁道算是合格的副游，不肝不氪也能玩,星穹铁道算是合格的副游，不肝不氪也能玩,2026-08-24 13:00:00,https://bilibili.com/user_508548/423241,64,16,2,#米哈游#
mhy_20260821_169,mihoyo,米哈游,原神,微博,social_media,提瓦特探险家,user_193972,28744,原神更新完又卡了，手机发烫到不行，优化越来越差,原神更新完又卡了，手机发烫到不行，优化越来越差,2026-08-23 07:00:00,https://weibo.com/user_193972/503951,240,325,176,#原神#
mhy_20260904_170,mihoyo,米哈游,原神,小红书,social_media,枫丹审判者,user_381981,8154,原神策划该换人了，玩家意见从来不听，迟早要凉,原神策划该换人了，玩家意见从来不听，迟早要凉,2026-08-25 16:00:00,https://xiaohongshu.com/user_381981/275329,1059,94,42,"#原神吐槽#,#原神#"
mhy_20260822_171,mihoyo,米哈游,原神,微博,social_media,璃月港商人,user_212168,16995,原神依然是好游戏，但有些问题确实需要改进,原神依然是好游戏，但有些问题确实需要改进,2026-08-30 15:00:00,https://weibo.com/user_212168/982495,13,55,23,#Genshin#
mhy_20260816_172,mihoyo,米哈游,原神,B站,social_media,稻妻武士,user_829066,86332,原神策划该换人了，玩家意见从来不听，迟早要凉,原神策划该换人了，玩家意见从来不听，迟早要凉,2026-08-28 09:00:00,https://bilibili.com/user_829066/434640,693,110,213,"#米哈游#,#Genshin#"
mhy_20260826_173,mihoyo,米哈游,绝区零,知乎,forum,游戏玩家大白,user_691240,10778,绝区零美术风格独特，赛博朋克+街头文化，爱了,绝区零美术风格独特，赛博朋克+街头文化，爱了,2026-08-28 06:00:00,https://zhihu.com/user_691240/904905,4569,214,369,"#ZZZ#,#绝区零#"
mhy_20260818_174,mihoyo,米哈游,原神,知乎,forum,原神老玩家,user_764100,14467,原神4.9剧情封神了，米哈游编剧终于在线了,原神4.9剧情封神了，米哈游编剧终于在线了,2026-08-25 17:00:00,https://zhihu.com/user_764100/849979,2169,704,98,"#Genshin#,#原神#"
mhy_20260822_175,mihoyo,米哈游,绝区零,微博,social_media,ZZZ玩家,user_835716,38657,绝区零美术风格独特，赛博朋克+街头文化，爱了,绝区零美术风格独特，赛博朋克+街头文化，爱了,2026-08-06 07:00:00,https://weibo.com/user_835716/189110,4964,683,488,#ZZZ#
mhy_20260901_176,mihoyo,米哈游,绝区零,知乎,forum,绳匠日记,user_111060,20176,绝区零走格子机制太无聊了，打斗手感也一般，和宣传差太多了，不推荐,绝区零走格子机制太无聊了，打斗手感也一般，和宣传差太多了，不...,2026-08-31 16:00:00,https://zhihu.com/user_111060/685098,504,281,275,"#ZZZ#,#绝区零#"
mhy_20260817_177,mihoyo,米哈游,绝区零,微博,social_media,ZZZ玩家,user_209627,45035,绝区零玩法太单一，走格子走到烦，战斗也不够爽,绝区零玩法太单一，走格子走到烦，战斗也不够爽,2026-08-25 11:00:00,https://weibo.com/user_209627/971699,1935,63,69,"#绝区零#,#ZZZ#"
mhy_20260805_178,mihoyo,米哈游,绝区零,微博,social_media,游戏玩家大白,user_857065,34651,绝区零角色设计没特色，和原神崩铁差距明显,绝区零角色设计没特色，和原神崩铁差距明显,2026-08-12 10:00:00,https://weibo.com/user_857065/146853,703,54,163,"#绝区零#,#ZZZ#"
mhy_20260810_179,mihoyo,米哈游,绝区零,微博,social_media,游戏测评师,user_267914,44877,绝区零公测第一天就炸服？米哈游的技术实力就这？补偿只有100钻也太抠了,绝区零公测第一天就炸服？米哈游的技术实力就这？补偿只有100...,2026-08-24 07:00:00,https://weibo.com/user_267914/936507,923,256,128,#米哈游#
mhy_20260823_180,mihoyo,米哈游,崩坏：星穹铁道,微博,social_media,星穹列车长,user_838968,2413,星穹铁道算是合格的副游，不肝不氪也能玩,星穹铁道算是合格的副游，不肝不氪也能玩,2026-08-28 18:00:00,https://weibo.com/user_838968/705393,152,95,6,"#星穹铁道#,#崩铁#"
mhy_20260901_181,mihoyo,米哈游,绝区零,小红书,social_media,游戏玩家大白,user_725969,15193,绝区零走格子机制太无聊了，打斗手感也一般，和宣传差太多了，不推荐,绝区零走格子机制太无聊了，打斗手感也一般，和宣传差太多了，不...,2026-08-22 05:00:00,https://xiaohongshu.com/user_725969/464825,853,320,68,"#米哈游#,#ZZZ#"
mhy_20260824_182,mihoyo,米哈游,未定事件簿,知乎,forum,左然夫人,user_420214,20235,未定事件簿新剧情太甜了，左然yyds！,未定事件簿新剧情太甜了，左然yyds！,2026-08-31 19:00:00,https://zhihu.com/user_420214/635638,3158,740,92,"#未定事件簿#,#米哈游#"
mhy_20260823_183,mihoyo,米哈游,崩坏：星穹铁道,微博,social_media,星核猎人,user_402865,32394,崩铁5.0活动设计不行，奖励少，机制复杂,崩铁5.0活动设计不行，奖励少，机制复杂,2026-08-30 19:00:00,https://weibo.com/user_402865/749498,694,451,240,#星穹铁道#
mhy_20260903_184,mihoyo,米哈游,未定事件簿,TapTap,forum,未定玩家,user_612438,6340,未定1.4新卡面好看，但玩法没新意,未定1.4新卡面好看，但玩法没新意,2026-08-29 22:00:00,https://taptap.com/user_612438/331241,299,8,50,"#乙游#,#米哈游#"
mhy_20260826_185,mihoyo,米哈游,原神,微博,social_media,须弥学者,user_912764,37570,原神更新完又卡了，手机发烫到不行，优化越来越差,原神更新完又卡了，手机发烫到不行，优化越来越差,2026-08-17 13:00:00,https://weibo.com/user_912764/896922,1160,441,31,#米哈游#
mhy_20260812_186,mihoyo,米哈游,崩坏：星穹铁道,微博,social_media,银河铁路员,user_560398,20010,崩铁3.0版本长草期太长了，每天上线10分钟就没事干，内容产能跟不上了,崩铁3.0版本长草期太长了，每天上线10分钟就没事干，内容产...,2026-08-07 21:00:00,https://weibo.com/user_560398/320073,1638,435,131,"#星穹铁道#,#崩铁#"
mhy_20260810_187,mihoyo,米哈游,绝区零,知乎,forum,绝区零爱好者,user_953047,20834,绝区零美术风格独特，赛博朋克+街头文化，爱了,绝区零美术风格独特，赛博朋克+街头文化，爱了,2026-08-28 23:00:00,https://zhihu.com/user_953047/394739,4770,389,292,#绝区零#
mhy_20260816_188,mihoyo,米哈游,崩坏：星穹铁道,微博,social_media,铁道党,user_162165,38034,崩铁4.9新角色中规中矩，强度适中,崩铁4.9新角色中规中矩，强度适中,2026-08-26 04:00:00,https://weibo.com/user_162165/361805,74,94,10,#星穹铁道#
mhy_20260831_189,mihoyo,米哈游,绝区零,B站,social_media,绳匠日记,user_493396,52472,绝区零算是米哈游的尝试，有亮点也有不足,绝区零算是米哈游的尝试，有亮点也有不足,2026-08-20 22:00:00,https://bilibili.com/user_493396/640659,334,16,27,"#米哈游#,#ZZZ#"
mhy_20260812_190,mihoyo,米哈游,原神,TapTap,forum,须弥学者,user_765678,5412,原神策划该换人了，玩家意见从来不听，迟早要凉,原神策划该换人了，玩家意见从来不听，迟早要凉,2026-08-13 02:00:00,https://taptap.com/user_765678/934328,783,455,42,#Genshin#
mhy_20260818_191,mihoyo,米哈游,原神,TapTap,forum,须弥学者,user_993829,4449,原神2.6剧情封神了，米哈游编剧终于在线了,原神2.6剧情封神了，米哈游编剧终于在线了,2026-08-19 14:00:00,https://taptap.com/user_993829/756596,496,77,70,"#原神吐槽#,#米哈游#"
mhy_20260810_192,mihoyo,米哈游,绝区零,微博,social_media,游戏玩家大白,user_781571,29420,绝区零美术风格独特，赛博朋克+街头文化，爱了,绝区零美术风格独特，赛博朋克+街头文化，爱了,2026-08-25 19:00:00,https://weibo.com/user_781571/477943,2344,125,355,"#绝区零#,#米哈游#"
mhy_20260827_193,mihoyo,米哈游,原神,知乎,forum,原神强度党,user_199807,13087,原神2.5新角色设计中规中矩，强度适中，值得抽,原神2.5新角色设计中规中矩，强度适中，值得抽,2026-09-03 18:00:00,https://zhihu.com/user_199807/722518,254,14,10,"#原神#,#米哈游#"
mhy_20260828_194,mihoyo,米哈游,崩坏：星穹铁道,小红书,social_media,崩铁数据帝,user_501677,4151,崩铁5.0新角色强度超标，旧角色直接下水道，平衡性堪忧,崩铁5.0新角色强度超标，旧角色直接下水道，平衡性堪忧,2026-09-01 01:00:00,https://xiaohongshu.com/user_501677/428572,1700,72,62,"#崩铁#,#米哈游#"
mhy_20260824_195,mihoyo,米哈游,未定事件簿,微博,social_media,未定玩家,user_781595,42546,未定事件簿剧情还行，但更新太慢了,未定事件簿剧情还行，但更新太慢了,2026-08-29 10:00:00,https://weibo.com/user_781595/758589,189,97,15,#米哈游#
mhy_20260812_196,mihoyo,米哈游,原神,小红书,social_media,原神老玩家,user_468611,3040,原神5.0版本还行吧，内容量一般，不算惊喜也不失望,原神5.0版本还行吧，内容量一般，不算惊喜也不失望,2026-08-04 11:00:00,https://xiaohongshu.com/user_468611/390421,171,22,17,#Genshin#
mhy_20260815_197,mihoyo,米哈游,原神,知乎,forum,纳塔战士,user_884170,9436,原神2.6版本还行吧，内容量一般，不算惊喜也不失望,原神2.6版本还行吧，内容量一般，不算惊喜也不失望,2026-08-22 15:00:00,https://zhihu.com/user_884170/618927,340,11,17,#原神吐槽#
mhy_20260823_198,mihoyo,米哈游,原神,小红书,social_media,枫丹审判者,user_979727,595,原神1.3新角色设计中规中矩，强度适中，值得抽,原神1.3新角色设计中规中矩，强度适中，值得抽,2026-08-16 11:00:00,https://xiaohongshu.com/user_979727/281162,197,74,45,#Genshin#
mhy_20260811_199,mihoyo,米哈游,崩坏：星穹铁道,TapTap,forum,崩铁老玩家,user_927630,275,崩铁抽卡体验太差，大保底才出，概率感人,崩铁抽卡体验太差，大保底才出，概率感人,2026-08-22 08:00:00,https://taptap.com/user_927630/904373,636,341,266,#崩铁#
mhy_20260822_200,mihoyo,米哈游,崩坏：星穹铁道,小红书,social_media,星核猎人,user_313068,9292,崩铁2.6版本还行，剧情一般般，角色设计可以,崩铁2.6版本还行，剧情一般般，角色设计可以,2026-08-09 20:00:00,https://xiaohongshu.com/user_313068/714923,284,46,27,#米哈游#
mhy_20260815_201,mihoyo,米哈游,绝区零,知乎,forum,新艾利都代理人,user_190400,22994,绝区零算是米哈游的尝试，有亮点也有不足,绝区零算是米哈游的尝试，有亮点也有不足,2026-08-05 11:00:00,https://zhihu.com/user_190400/738407,69,63,41,#绝区零#
mhy_20260903_202,mihoyo,米哈游,原神,B站,social_media,旅行者日记,user_463546,2660,原神依然是好游戏，但有些问题确实需要改进,原神依然是好游戏，但有些问题确实需要改进,2026-08-18 08:00:00,https://bilibili.com/user_463546/275073,410,97,18,#Genshin#
mhy_20260824_203,mihoyo,米哈游,原神,B站,social_media,旅行者日记,user_846925,4847,原神越来越贵了，月卡党根本玩不起，专武必须抽，平民没法玩,原神越来越贵了，月卡党根本玩不起，专武必须抽，平民没法玩,2026-08-16 04:00:00,https://bilibili.com/user_846925/635593,207,274,243,"#原神#,#原神吐槽#"
mhy_20260824_204,mihoyo,米哈游,原神,B站,social_media,提瓦特探险家,user_146177,34438,原神4.9版本长草期太长了，一个月没新内容，每天上线5分钟下线,原神4.9版本长草期太长了，一个月没新内容，每天上线5分钟下...,2026-08-08 00:00:00,https://bilibili.com/user_146177/481657,550,43,251,#原神#
mhy_20260823_205,mihoyo,米哈游,公司,微博,social_media,财经观察,user_360322,36732,米哈游海外收入占比高，中国游戏出海标杆,米哈游海外收入占比高，中国游戏出海标杆,2026-08-21 01:00:00,https://weibo.com/user_360322/181670,2720,307,442,#miHoYo#
mhy_20260817_206,mihoyo,米哈游,原神,小红书,social_media,提瓦特探险家,user_396020,7513,原神福利增多，良心运营，尊重玩家体验,原神福利增多，良心运营，尊重玩家体验,2026-08-10 15:00:00,https://xiaohongshu.com/user_396020/578933,2781,118,303,"#原神#,#原神吐槽#"
mhy_20260904_207,mihoyo,米哈游,原神,微博,social_media,纳塔战士,user_673108,16397,玩原神三年了，感觉游戏在走下坡路但还能接受,玩原神三年了，感觉游戏在走下坡路但还能接受,2026-08-10 17:00:00,https://weibo.com/user_673108/125071,87,5,28,"#原神吐槽#,#米哈游#"
mhy_20260828_208,mihoyo,米哈游,崩坏：星穹铁道,知乎,forum,星铁开拓者,user_655550,11077,崩铁1.4版本还行，剧情一般般，角色设计可以,崩铁1.4版本还行，剧情一般般，角色设计可以,2026-08-27 11:00:00,https://zhihu.com/user_655550/846221,261,12,11,"#崩铁#,#米哈游#"
mhy_20260827_209,mihoyo,米哈游,原神,B站,social_media,枫丹审判者,user_629979,55140,原神3.0剧情封神了，米哈游编剧终于在线了,原神3.0剧情封神了，米哈游编剧终于在线了,2026-08-30 04:00:00,https://bilibili.com/user_629979/695403,3330,106,323,#原神#
mhy_20260903_210,mihoyo,米哈游,崩坏：星穹铁道,TapTap,forum,铁道党,user_344959,5211,崩铁1.3新角色强度超标，旧角色直接下水道，平衡性堪忧,崩铁1.3新角色强度超标，旧角色直接下水道，平衡性堪忧,2026-09-01 18:00:00,https://taptap.com/user_344959/262959,328,419,65,"#星穹铁道#,#米哈游#"
mhy_20260901_211,mihoyo,米哈游,原神,小红书,social_media,枫丹审判者,user_993892,11940,原神3.0活动就这？奖励抠门，内容敷衍，策划是不是不玩游戏,原神3.0活动就这？奖励抠门，内容敷衍，策划是不是不玩游戏,2026-08-31 22:00:00,https://xiaohongshu.com/user_993892/966529,372,433,165,"#Genshin#,#原神吐槽#"
mhy_20260813_212,mihoyo,米哈游,绝区零,微博,social_media,新艾利都代理人,user_810078,10220,绝区零战斗手感真爽，打击感拉满！,绝区零战斗手感真爽，打击感拉满！,2026-08-25 16:00:00,https://weibo.com/user_810078/996114,1524,61,227,"#ZZZ#,#绝区零#"
mhy_20260821_213,mihoyo,米哈游,崩坏：星穹铁道,知乎,forum,崩铁老玩家,user_970708,26442,崩铁剧情越来越敷衍了，角色人设崩坏，感觉团队重心都在新项目上了,崩铁剧情越来越敷衍了，角色人设崩坏，感觉团队重心都在新项目上...,2026-08-10 17:00:00,https://zhihu.com/user_970708/490321,317,121,215,#崩铁#
mhy_20260814_214,mihoyo,米哈游,崩坏：星穹铁道,知乎,forum,铁道党,user_777366,26732,崩铁4.8版本还行，剧情一般般，角色设计可以,崩铁4.8版本还行，剧情一般般，角色设计可以,2026-08-20 20:00:00,https://zhihu.com/user_777366/144770,57,47,9,#崩铁#
mhy_20260805_215,mihoyo,米哈游,崩坏：星穹铁道,微博,social_media,星穹列车长,user_325146,33014,崩铁1.4版本还行，剧情一般般，角色设计可以,崩铁1.4版本还行，剧情一般般，角色设计可以,2026-08-05 19:00:00,https://weibo.com/user_325146/255851,150,40,30,"#崩铁#,#星穹铁道#"
mhy_20260903_216,mihoyo,米哈游,崩坏：星穹铁道,知乎,forum,模拟宇宙达人,user_501620,13600,崩铁音乐一直在线，但游戏玩法需要创新,崩铁音乐一直在线，但游戏玩法需要创新,2026-08-30 11:00:00,https://zhihu.com/user_501620/361250,112,87,35,#星穹铁道#
mhy_20260815_217,mihoyo,米哈游,公司,小红书,social_media,互联网那些事,user_507247,11967,米哈游社区管理只会禁言，正常反馈都被删，玩家群体被挑拨对立,米哈游社区管理只会禁言，正常反馈都被删，玩家群体被挑拨对立,2026-08-26 19:00:00,https://xiaohongshu.com/user_507247/130726,103,183,122,"#游戏行业#,#miHoYo#"
mhy_20260807_218,mihoyo,米哈游,绝区零,微博,social_media,ZZZ玩家,user_359896,35196,绝区零美术风格独特，赛博朋克+街头文化，爱了,绝区零美术风格独特，赛博朋克+街头文化，爱了,2026-08-13 17:00:00,https://weibo.com/user_359896/929672,2283,576,437,#绝区零#
mhy_20260806_219,mihoyo,米哈游,绝区零,B站,social_media,绝区零爱好者,user_721301,51911,绝区零美术风格独特，赛博朋克+街头文化，爱了,绝区零美术风格独特，赛博朋克+街头文化，爱了,2026-08-24 01:00:00,https://bilibili.com/user_721301/837623,3039,635,34,#绝区零#
mhy_20260813_220,mihoyo,米哈游,原神,知乎,forum,原神老玩家,user_139807,27516,原神更新完又卡了，手机发烫到不行，优化越来越差,原神更新完又卡了，手机发烫到不行，优化越来越差,2026-09-01 23:00:00,https://zhihu.com/user_139807/120896,526,328,122,#Genshin#
